[
    { "full_name": "Farrel Hoggin" },
    { "full_name": "Irma Olech" },
    { "full_name": "Emmit Gallacher" },
    { "full_name": "Dunn Astlet" },
    { "full_name": "Burg Peaddie" },
    { "full_name": "Molli Knoller" },
    { "full_name": "Ellen Cheak" },
    { "full_name": "Kaela Hannibal" },
    { "full_name": "Roxanna Mughal" },
    { "full_name": "Sharona Robberts" },
    { "full_name": "Tybie Dudding" },
    { "full_name": "Reuben Beldan" },
    { "full_name": "Frannie Colter" },
    { "full_name": "Tobe Francescuccio" },
    { "full_name": "Hillary Selwyne" },
    { "full_name": "Bianka Lodford" },
    { "full_name": "Maureene Sleep" },
    { "full_name": "Guilbert Videler" },
    { "full_name": "Kin Juszkiewicz" },
    { "full_name": "Rosabella Droghan" },
    { "full_name": "Charmion Pretswell" },
    { "full_name": "Jada Corballis" },
    { "full_name": "Willey Kowal" },
    { "full_name": "Jimmie Apfelmann" },
    { "full_name": "Skelly Ramet" },
    { "full_name": "Jody Getcliffe" },
    { "full_name": "Ella Melendez" },
    { "full_name": "Archibold Meiklejohn" },
    { "full_name": "Sara Petty" },
    { "full_name": "Iosep Scotchmur" },
    { "full_name": "Bronnie Whitcomb" },
    { "full_name": "Hyatt Cattroll" },
    { "full_name": "Fidel Ferrucci" },
    { "full_name": "Sophi Jewess" },
    { "full_name": "Simeon Shann" },
    { "full_name": "Penn Arminger" },
    { "full_name": "Stanleigh Kitney" },
    { "full_name": "Zoe Bee" },
    { "full_name": "Nady Finn" },
    { "full_name": "Carlye Ridsdale" },
    { "full_name": "Anneliese Redmille" },
    { "full_name": "Lotti Frances" },
    { "full_name": "Roselia Donet" },
    { "full_name": "Alisander Besque" },
    { "full_name": "Robbie Shooter" },
    { "full_name": "Ebonee Fidelus" },
    { "full_name": "Mitchael MacLese" },
    { "full_name": "Boy Stannering" },
    { "full_name": "Roanna Echallier" },
    { "full_name": "Aggy Naish" },
    { "full_name": "Mirna Stokey" },
    { "full_name": "Angie Codd" },
    { "full_name": "Shepperd Duthie" },
    { "full_name": "Cristabel Vlasyuk" },
    { "full_name": "Petey Irvin" },
    { "full_name": "Sherline Jenton" },
    { "full_name": "Gladi Phifer" },
    { "full_name": "Sheree Low" },
    { "full_name": "Morgan Wellbank" },
    { "full_name": "Tybie Marczyk" },
    { "full_name": "Jaclyn Calafato" },
    { "full_name": "Wiley Dearnaley" },
    { "full_name": "Zelma Frankes" },
    { "full_name": "Ronny Yakubovich" },
    { "full_name": "Pall Jerok" },
    { "full_name": "Lorie Winton" },
    { "full_name": "Hanson Filipyev" },
    { "full_name": "Belia Brooker" },
    { "full_name": "Brunhilde Tomkin" },
    { "full_name": "Minni Kenion" },
    { "full_name": "Osbourne Grier" },
    { "full_name": "Clary Catford" },
    { "full_name": "Margarette Leidl" },
    { "full_name": "Rubina Gallafant" },
    { "full_name": "Morrie Kyllford" },
    { "full_name": "Dorotea Brugemann" },
    { "full_name": "Roz Lintall" },
    { "full_name": "Katinka Benoy" },
    { "full_name": "Geralda Huffy" },
    { "full_name": "Dana Seiler" },
    { "full_name": "Ambrosius Tapner" },
    { "full_name": "Delainey Reoch" },
    { "full_name": "Ailey Aikenhead" },
    { "full_name": "Annalise Cocking" },
    { "full_name": "Shelby Mowles" },
    { "full_name": "Lucille Colbran" },
    { "full_name": "Marris Umbert" },
    { "full_name": "Sari Diviny" },
    { "full_name": "Gaynor Scholtz" },
    { "full_name": "Charlena Derks" },
    { "full_name": "Corney Baszkiewicz" },
    { "full_name": "Janaye Gutch" },
    { "full_name": "Corrinne Drinkhall" },
    { "full_name": "Maia Gatty" },
    { "full_name": "Gerhardt Cabrales" },
    { "full_name": "Julee Benzie" },
    { "full_name": "Pamella Saipy" },
    { "full_name": "Corissa Tann" },
    { "full_name": "Dot Grigorey" },
    { "full_name": "Eada Philippault" },
    { "full_name": "Ida Norquay" },
    { "full_name": "Darrelle Enevold" },
    { "full_name": "Wilmer Willmott" },
    { "full_name": "Kathryne Maytom" },
    { "full_name": "Natty Givens" },
    { "full_name": "Abbe Perillo" },
    { "full_name": "Nicola Prater" },
    { "full_name": "Wyndham Reubel" },
    { "full_name": "Celle Goudge" },
    { "full_name": "Vic Work" },
    { "full_name": "Jobie MacDonough" },
    { "full_name": "Woodrow Tace" },
    { "full_name": "Audrey Philbrook" },
    { "full_name": "Felicle Kynton" },
    { "full_name": "Staford Treen" },
    { "full_name": "Sara-ann Phippen" },
    { "full_name": "Karolina Swyn" },
    { "full_name": "Bastian Turner" },
    { "full_name": "Ashlan Boast" },
    { "full_name": "Wolfgang Quilligan" },
    { "full_name": "Edsel Obray" },
    { "full_name": "Broderick Bosomworth" },
    { "full_name": "Abdul Robion" },
    { "full_name": "Stanislaus Jaggli" },
    { "full_name": "Selinda Tiuit" },
    { "full_name": "Douglas Akker" },
    { "full_name": "Hanan Lossman" },
    { "full_name": "Luisa Nickless" },
    { "full_name": "Essa Binch" },
    { "full_name": "Cherrita Well" },
    { "full_name": "Hill Memmory" },
    { "full_name": "Salvidor Stoeck" },
    { "full_name": "Sander Sorrie" },
    { "full_name": "Corrinne Stow" },
    { "full_name": "Elset Slowcock" },
    { "full_name": "Leland Harkes" },
    { "full_name": "Francisca McIlwrick" },
    { "full_name": "Danella Bampfield" },
    { "full_name": "Imogen Kofax" },
    { "full_name": "Ludvig Tomei" },
    { "full_name": "Linzy Whereat" },
    { "full_name": "Toby Rubenfeld" },
    { "full_name": "Jo-anne Murrum" },
    { "full_name": "Huberto Van der Hoven" },
    { "full_name": "Raye Wardell" },
    { "full_name": "Bibi Adshed" },
    { "full_name": "Dorolisa Pawsey" },
    { "full_name": "Sandro Shoreson" },
    { "full_name": "Agace Embury" },
    { "full_name": "Vina Smalls" },
    { "full_name": "Franklyn Johnston" },
    { "full_name": "Roanne Mackley" },
    { "full_name": "Lonnie Saterthwait" },
    { "full_name": "Clemens Shanklin" },
    { "full_name": "Pooh Canacott" },
    { "full_name": "Chaunce Load" },
    { "full_name": "Michele Bemwell" },
    { "full_name": "Salim Richin" },
    { "full_name": "Coletta Greengrass" },
    { "full_name": "Bren Offield" },
    { "full_name": "Amelita Spender" },
    { "full_name": "Daisy Spinke" },
    { "full_name": "Missie Capron" },
    { "full_name": "Donella Tidd" },
    { "full_name": "Stefan Towner" },
    { "full_name": "Kirsteni Jezard" },
    { "full_name": "Simon Stubley" },
    { "full_name": "Lynnelle Stiegers" },
    { "full_name": "Rayner Quantick" },
    { "full_name": "Gae Poter" },
    { "full_name": "Xylina Cymper" },
    { "full_name": "Genny Lashmore" },
    { "full_name": "Constance Dairton" },
    { "full_name": "Hilly Earngy" },
    { "full_name": "Frank Geely" },
    { "full_name": "Casandra Belcham" },
    { "full_name": "Shell Derisley" },
    { "full_name": "Norrie Aldiss" },
    { "full_name": "Minnnie O'Lyhane" },
    { "full_name": "Cecily Hamfleet" },
    { "full_name": "Cleveland Klamp" },
    { "full_name": "Lyndy Scullin" },
    { "full_name": "Kass Whitfeld" },
    { "full_name": "Petronille Fairbridge" },
    { "full_name": "Natassia Thatcher" },
    { "full_name": "Otha Dockery" },
    { "full_name": "Guntar Congreave" },
    { "full_name": "Chlo McCheyne" },
    { "full_name": "Toni Kleint" },
    { "full_name": "Della Knibbs" },
    { "full_name": "Maddie Python" },
    { "full_name": "Deny Betjes" },
    { "full_name": "Tammara Matitiaho" },
    { "full_name": "Marlowe Glisane" },
    { "full_name": "Claybourne Dunne" },
    { "full_name": "Dania Huske" },
    { "full_name": "Kala Kryzhov" },
    { "full_name": "Keven Karchowski" },
    { "full_name": "Herminia Ding" },
    { "full_name": "Hyacinthe Cotterel" },
    { "full_name": "Tull Fer" },
    { "full_name": "Edi Galilee" },
    { "full_name": "Lorinda Blanque" },
    { "full_name": "Shae MacGillicuddy" },
    { "full_name": "Lynette Buyers" },
    { "full_name": "Garik Smurthwaite" },
    { "full_name": "Donny Van der Brug" },
    { "full_name": "Sabine Cicutto" },
    { "full_name": "Melitta Schole" },
    { "full_name": "Sephira Chrishop" },
    { "full_name": "Malinde Stimpson" },
    { "full_name": "Arleen Dunton" },
    { "full_name": "Fayth Fowles" },
    { "full_name": "Sibilla Fewings" },
    { "full_name": "Caitrin Beel" },
    { "full_name": "Christophorus Valti" },
    { "full_name": "Abner Tupman" },
    { "full_name": "Ofelia Enever" },
    { "full_name": "Maryanne Overbury" },
    { "full_name": "Margarethe Ballentime" },
    { "full_name": "Wyndham Dabbes" },
    { "full_name": "Gordon Gibson" },
    { "full_name": "Amara Bicheno" },
    { "full_name": "Bronson Gritskov" },
    { "full_name": "Elnora Bodker" },
    { "full_name": "Brina Uren" },
    { "full_name": "Yetty Titchener" },
    { "full_name": "Berton Duffer" },
    { "full_name": "Elle Westcar" },
    { "full_name": "Avril Alliston" },
    { "full_name": "Roxy Soar" },
    { "full_name": "Antoni McEachern" },
    { "full_name": "Abran Finkle" },
    { "full_name": "Toiboid Greensmith" },
    { "full_name": "Vally Bonniface" },
    { "full_name": "Luci Grinov" },
    { "full_name": "Babb Chinnery" },
    { "full_name": "Aloysia Nano" },
    { "full_name": "Troy Lefridge" },
    { "full_name": "Sharia Kitteringham" },
    { "full_name": "Roxanna Pietraszek" },
    { "full_name": "Allyn Wicklen" },
    { "full_name": "Juliann Potteridge" },
    { "full_name": "Darbie Galey" },
    { "full_name": "Phebe Klarzynski" },
    { "full_name": "Fabio Sealy" },
    { "full_name": "Sunny Aubert" },
    { "full_name": "Hoebart Marjanski" },
    { "full_name": "Alexa Edmott" },
    { "full_name": "Teressa Jessope" },
    { "full_name": "Al McNeilley" },
    { "full_name": "Margi Gammel" },
    { "full_name": "Georas Capin" },
    { "full_name": "Helaina Deverille" },
    { "full_name": "Hana Copestake" },
    { "full_name": "Gerrard Dowrey" },
    { "full_name": "Carmelita D'Avaux" },
    { "full_name": "Sallee Kimbley" },
    { "full_name": "Jazmin Elgood" },
    { "full_name": "Tann Smeeth" },
    { "full_name": "Briano Dabs" },
    { "full_name": "Marilyn Sandars" },
    { "full_name": "Stuart Woolfall" },
    { "full_name": "Feodor Eacle" },
    { "full_name": "Brooks MacCaughey" },
    { "full_name": "Alexandr Nottram" },
    { "full_name": "Solly Brislane" },
    { "full_name": "Arel Copestick" },
    { "full_name": "Christalle Ziem" },
    { "full_name": "Addison Crosetto" },
    { "full_name": "Ozzy Laden" },
    { "full_name": "Jesse Perton" },
    { "full_name": "Chevy Ruppert" },
    { "full_name": "Felecia Pellatt" },
    { "full_name": "Tonye Pentony" },
    { "full_name": "Jeddy Bettam" },
    { "full_name": "Perceval Fearnall" },
    { "full_name": "Kathrine Kirsop" },
    { "full_name": "Louisa Elgie" },
    { "full_name": "Fabio Phippen" },
    { "full_name": "Bart Drain" },
    { "full_name": "Nerta Mordin" },
    { "full_name": "Mack De Caroli" },
    { "full_name": "Klarika Mushawe" },
    { "full_name": "Tomlin Byrch" },
    { "full_name": "Maudie Huffy" },
    { "full_name": "Belva Thay" },
    { "full_name": "Alejandro Poluzzi" },
    { "full_name": "Kata Auletta" },
    { "full_name": "Danielle Dussy" },
    { "full_name": "Kinny Marland" },
    { "full_name": "Dore Conan" },
    { "full_name": "Jone Yelding" },
    { "full_name": "Ola Lofting" },
    { "full_name": "Kevon Bondar" },
    { "full_name": "Dennison Ritchley" },
    { "full_name": "Zulema Wearing" },
    { "full_name": "Rosy Kirkwood" },
    { "full_name": "Ninnetta Seabright" },
    { "full_name": "Betsey Skeath" },
    { "full_name": "Steven Plenderleith" },
    { "full_name": "Brittaney Malthus" },
    { "full_name": "Carter Tytler" },
    { "full_name": "Emelda Enrietto" },
    { "full_name": "Fred Ugolini" },
    { "full_name": "Alasdair Huikerby" },
    { "full_name": "Leia Gude" },
    { "full_name": "Jean Terrington" },
    { "full_name": "Krystalle Guerin" },
    { "full_name": "Oswell Cranston" },
    { "full_name": "Iorgos Scutchin" },
    { "full_name": "Buck Eaddy" },
    { "full_name": "Nani Lidstone" },
    { "full_name": "Fin Croson" },
    { "full_name": "Lavena O'Noulane" },
    { "full_name": "Edin Dargie" },
    { "full_name": "Orrin Jamot" },
    { "full_name": "Sidonnie Mattiessen" },
    { "full_name": "Trudi Carmen" },
    { "full_name": "Ermanno Hucquart" },
    { "full_name": "Mirelle Baldery" },
    { "full_name": "Ev Rothermel" },
    { "full_name": "Anni Powner" },
    { "full_name": "Daryl Bruna" },
    { "full_name": "Stinky Stolworthy" },
    { "full_name": "Steffen Dyka" },
    { "full_name": "Sybila Davys" },
    { "full_name": "Bianka Bonhill" },
    { "full_name": "Lorna Trousdell" },
    { "full_name": "Timotheus Huitson" },
    { "full_name": "Danie Tonry" },
    { "full_name": "Gilberta Roskelly" },
    { "full_name": "Verina Isaacs" },
    { "full_name": "Lexine Hazelgreave" },
    { "full_name": "Welbie Attow" },
    { "full_name": "Ted Wethered" },
    { "full_name": "Rosalinde Scotford" },
    { "full_name": "Hanni Von Helmholtz" },
    { "full_name": "Elihu Beazley" },
    { "full_name": "Else Trittam" },
    { "full_name": "Merry D'Ambrosi" },
    { "full_name": "Barret Bangiard" },
    { "full_name": "Silvia Holywell" },
    { "full_name": "Ole Wiltshier" },
    { "full_name": "Betty Garthside" },
    { "full_name": "Evelina Senchenko" },
    { "full_name": "Alis Inderwick" },
    { "full_name": "Catha Pettinger" },
    { "full_name": "Sanderson Giotto" },
    { "full_name": "Chryste Catlin" },
    { "full_name": "Lewiss Hamman" },
    { "full_name": "Lennie Carncross" },
    { "full_name": "Jaine Deavall" },
    { "full_name": "Konstance Fewtrell" },
    { "full_name": "Kikelia Salatino" },
    { "full_name": "Cayla Mayers" },
    { "full_name": "Lewiss Comini" },
    { "full_name": "Florri Letch" },
    { "full_name": "Sterling Ishak" },
    { "full_name": "Bobbette Rudkin" },
    { "full_name": "Cissy Pettigree" },
    { "full_name": "Ad Dufaur" },
    { "full_name": "Luciana Frain" },
    { "full_name": "Barclay Jeal" },
    { "full_name": "Kitti Hoyles" },
    { "full_name": "Stephani Dovinson" },
    { "full_name": "Brenna Elks" },
    { "full_name": "Diana Bushel" },
    { "full_name": "Mira De Carlo" },
    { "full_name": "Sigfried Croad" },
    { "full_name": "Anni Grahlman" },
    { "full_name": "Timothee Giuroni" },
    { "full_name": "Ollie Wrettum" },
    { "full_name": "Dana Lear" },
    { "full_name": "Angelica Bento" },
    { "full_name": "Dorella Anfosso" },
    { "full_name": "Corrine Abbyss" },
    { "full_name": "Rowan Loyns" },
    { "full_name": "Cora Burle" },
    { "full_name": "Jenda Wakely" },
    { "full_name": "Tracie Kilgannon" },
    { "full_name": "Lelah Lawrence" },
    { "full_name": "Rita Seelbach" },
    { "full_name": "Tess Cargen" },
    { "full_name": "Lesya Lensch" },
    { "full_name": "Nancey Gentle" },
    { "full_name": "Patton Clace" },
    { "full_name": "Enid Halson" },
    { "full_name": "Star Cordoba" },
    { "full_name": "Mahala Horbath" },
    { "full_name": "Glendon Grouer" },
    { "full_name": "Corene Vail" },
    { "full_name": "Deonne Petche" },
    { "full_name": "Angie Wike" },
    { "full_name": "Jaynell Guidetti" },
    { "full_name": "Cyb Crocket" },
    { "full_name": "Casi Kondrachenko" },
    { "full_name": "Hubey Heald" },
    { "full_name": "Teodora Lacasa" },
    { "full_name": "Kippy Alkins" },
    { "full_name": "Gert Macken" },
    { "full_name": "Felicio Broker" },
    { "full_name": "Marvin Brugemann" },
    { "full_name": "Frans Cluely" },
    { "full_name": "Broddy O'Ruane" },
    { "full_name": "Cathrin Klosa" },
    { "full_name": "Olympia Cosans" },
    { "full_name": "Josefina Tredger" },
    { "full_name": "Hamlen Loeber" },
    { "full_name": "Kristine Menzies" },
    { "full_name": "Tania Andrzejowski" },
    { "full_name": "Husain Gerrets" },
    { "full_name": "Thaine Power" },
    { "full_name": "Brockie Isselee" },
    { "full_name": "Obie Cuzen" },
    { "full_name": "See Kegg" },
    { "full_name": "Fonz Hutfield" },
    { "full_name": "Katy Loble" },
    { "full_name": "Jesselyn Velez" },
    { "full_name": "Ruggiero Canlin" },
    { "full_name": "Towny Kinnoch" },
    { "full_name": "Blaine Chillingsworth" },
    { "full_name": "Brant Silverthorn" },
    { "full_name": "Moyra Godain" },
    { "full_name": "Rafaela Kubu" },
    { "full_name": "Elonore Southcomb" },
    { "full_name": "Nanine Cheake" },
    { "full_name": "Dewitt Broadbear" },
    { "full_name": "Husain Boyack" },
    { "full_name": "Cherilynn Branch" },
    { "full_name": "Hank Busch" },
    { "full_name": "Moina Stockings" },
    { "full_name": "Curtice Foch" },
    { "full_name": "Guss Leek" },
    { "full_name": "Suzette Braunter" },
    { "full_name": "Xever Bilovsky" },
    { "full_name": "Robby Craister" },
    { "full_name": "Dory Bartle" },
    { "full_name": "Sammy MacGragh" },
    { "full_name": "Lottie O'Hanlon" },
    { "full_name": "Pierson Wasteney" },
    { "full_name": "Julie Caramuscia" },
    { "full_name": "Cody Saill" },
    { "full_name": "Edgard Aldrin" },
    { "full_name": "Addia Dacombe" },
    { "full_name": "Ruthi Cronin" },
    { "full_name": "Charmine Danher" },
    { "full_name": "Tiphanie Langhorn" },
    { "full_name": "Ives Dello" },
    { "full_name": "Jude Smitten" },
    { "full_name": "Kimberlyn Meany" },
    { "full_name": "Lesly Clulow" },
    { "full_name": "Luise Coopman" },
    { "full_name": "Isadore Emery" },
    { "full_name": "Ellery Stitfall" },
    { "full_name": "Brina Duplain" },
    { "full_name": "Crystal McCroft" },
    { "full_name": "Jules Streather" },
    { "full_name": "Antonius Chese" },
    { "full_name": "Barnett Gobert" },
    { "full_name": "Fernande Borsi" },
    { "full_name": "Basilius Folomin" },
    { "full_name": "Sonnie Junkinson" },
    { "full_name": "Tudor Kneeshaw" },
    { "full_name": "Valenka Roelofsen" },
    { "full_name": "Jacqueline Pedlar" },
    { "full_name": "Cornie Wilshin" },
    { "full_name": "Lonee Bithany" },
    { "full_name": "Lalo Bodocs" },
    { "full_name": "Marlo Hagley" },
    { "full_name": "Gwenora Bims" },
    { "full_name": "Lynette Hirschmann" },
    { "full_name": "Siffre Rohloff" },
    { "full_name": "Jorey Nappin" },
    { "full_name": "Stephine Zannetti" },
    { "full_name": "Tull Priestner" },
    { "full_name": "Cesare Balke" },
    { "full_name": "Tobe Godbehere" },
    { "full_name": "Laraine Domesday" },
    { "full_name": "Nertie Siney" },
    { "full_name": "Deb Quarmby" },
    { "full_name": "Rik Plover" },
    { "full_name": "Clarice Doblin" },
    { "full_name": "Meghan Kamienski" },
    { "full_name": "Finley Hallede" },
    { "full_name": "Farica Champkin" },
    { "full_name": "Shaylyn Oak" },
    { "full_name": "Osborne Kinnier" },
    { "full_name": "Perri Coenraets" },
    { "full_name": "Ellswerth Armour" },
    { "full_name": "Arley McMurray" },
    { "full_name": "Anson Marchello" },
    { "full_name": "Amble Fidilis" },
    { "full_name": "Stephine Burghill" },
    { "full_name": "Brnaby Grindlay" },
    { "full_name": "Piper Leetham" },
    { "full_name": "Chrisse Jewel" },
    { "full_name": "Percival Wittke" },
    { "full_name": "Sullivan Kitter" },
    { "full_name": "Brennen Brooksbank" },
    { "full_name": "Hillary Theyer" },
    { "full_name": "Marten Hembling" },
    { "full_name": "Benn Mesias" },
    { "full_name": "Esra Dreini" },
    { "full_name": "Zaccaria Greatbank" },
    { "full_name": "Janot Shildrick" },
    { "full_name": "Isac Sedgemore" },
    { "full_name": "Sile Marr" },
    { "full_name": "Lea Petronis" },
    { "full_name": "Lyndsay O'Corrin" },
    { "full_name": "Jehu Pinfold" },
    { "full_name": "Tiffanie Hodgets" },
    { "full_name": "Tibold Skyrm" },
    { "full_name": "Perry Praten" },
    { "full_name": "Irvin Eyrl" },
    { "full_name": "Gaelan Angrave" },
    { "full_name": "Anallese Sheppey" },
    { "full_name": "Beatrix Goch" },
    { "full_name": "Merle Buney" },
    { "full_name": "Ryun Francois" },
    { "full_name": "Tillie Ebbings" },
    { "full_name": "Raf Tunn" },
    { "full_name": "Milt Capitano" },
    { "full_name": "Meredeth McMickan" },
    { "full_name": "Giovanni Broek" },
    { "full_name": "Clair Angood" },
    { "full_name": "Rafe Hanstock" },
    { "full_name": "Quintus Pitcaithley" },
    { "full_name": "Stanleigh Kitchiner" },
    { "full_name": "Katheryn Neil" },
    { "full_name": "Tonya Hutchcraft" },
    { "full_name": "Gerhard Potteril" },
    { "full_name": "Ileane Torri" },
    { "full_name": "Tammara Strond" },
    { "full_name": "Ariel Chezelle" },
    { "full_name": "Gard Walby" },
    { "full_name": "Banky Turgoose" },
    { "full_name": "Clayton Lideard" },
    { "full_name": "Christoper Colebourne" },
    { "full_name": "Flint Mattsson" },
    { "full_name": "Anders Peachman" },
    { "full_name": "Abra Cutford" },
    { "full_name": "Clarette Lober" },
    { "full_name": "Desmund Smurfitt" },
    { "full_name": "Keefer Kacheller" },
    { "full_name": "Avie Kirkpatrick" },
    { "full_name": "Claus Siley" },
    { "full_name": "Marianne Fronzek" },
    { "full_name": "Douglas Maylor" },
    { "full_name": "Chadwick Chaster" },
    { "full_name": "Giustina Bridge" },
    { "full_name": "Rory Weiner" },
    { "full_name": "Lyndel McSperrin" },
    { "full_name": "Caesar Carayol" },
    { "full_name": "Chauncey Ingre" },
    { "full_name": "Olag Crank" },
    { "full_name": "Cara Comber" },
    { "full_name": "Waylan Sandiland" },
    { "full_name": "Tova Becaris" },
    { "full_name": "Roth Faulkes" },
    { "full_name": "Lief Aberhart" },
    { "full_name": "Merna Ditchfield" },
    { "full_name": "Berky Gittens" },
    { "full_name": "Alis Bransom" },
    { "full_name": "Regen Reitenbach" },
    { "full_name": "Thornie Parcell" },
    { "full_name": "Penrod Ballantyne" },
    { "full_name": "Theobald Aldous" },
    { "full_name": "Jeniffer Paolo" },
    { "full_name": "Briant Fawssett" },
    { "full_name": "Jerry Wroth" },
    { "full_name": "Gerri Arthan" },
    { "full_name": "Remy Geely" },
    { "full_name": "Dougie Gerrell" },
    { "full_name": "Findley Theodore" },
    { "full_name": "Bailie Milbank" },
    { "full_name": "Tiphani Laville" },
    { "full_name": "Maria Craddock" },
    { "full_name": "Oralee Valiant" },
    { "full_name": "Bridgette Stieger" },
    { "full_name": "Maggy Halliburton" },
    { "full_name": "Lorne Flay" },
    { "full_name": "Les Boolsen" },
    { "full_name": "Rachael Hogben" },
    { "full_name": "Jules Brimm" },
    { "full_name": "Bryna Fortun" },
    { "full_name": "Dorise Ilett" },
    { "full_name": "Davis Paulucci" },
    { "full_name": "Delmor Betun" },
    { "full_name": "Lira Trebilcock" },
    { "full_name": "Samantha Durnin" },
    { "full_name": "Cesare Beranek" },
    { "full_name": "Almira Albert" },
    { "full_name": "Lucie Ruffle" },
    { "full_name": "Clay Staples" },
    { "full_name": "Wyatan Moline" },
    { "full_name": "See Everal" },
    { "full_name": "Jenilee McQuaide" },
    { "full_name": "Niel Josephoff" },
    { "full_name": "Sonnie Dungey" },
    { "full_name": "Jakie Shrubshall" },
    { "full_name": "Shepherd Capron" },
    { "full_name": "Luciano Chazette" },
    { "full_name": "Barnebas Rookledge" },
    { "full_name": "Manny Clemente" },
    { "full_name": "Francisca Meo" },
    { "full_name": "Kinsley Novakovic" },
    { "full_name": "Rachele Pynn" },
    { "full_name": "Grady Milburn" },
    { "full_name": "Mil Axtonne" },
    { "full_name": "Stacey Lampart" },
    { "full_name": "Billy Malkin" },
    { "full_name": "Fiona Harkes" },
    { "full_name": "Maiga Agass" },
    { "full_name": "Shara Garthshore" },
    { "full_name": "Meade Dorning" },
    { "full_name": "Othelia Blaske" },
    { "full_name": "Hubert Voaden" },
    { "full_name": "Rockwell Clemenceau" },
    { "full_name": "Ursuline Bedder" },
    { "full_name": "Noel Pottage" },
    { "full_name": "Mallorie Orry" },
    { "full_name": "Anson Cowitz" },
    { "full_name": "Serena Clinch" },
    { "full_name": "Flossi Odlin" },
    { "full_name": "Gwyn Wavish" },
    { "full_name": "Renell O' Hern" },
    { "full_name": "Con Paschek" },
    { "full_name": "Haven Kempstone" },
    { "full_name": "Madelon Sevin" },
    { "full_name": "Vidovik Epp" },
    { "full_name": "Nichol Bevan" },
    { "full_name": "Brady Curnick" },
    { "full_name": "Duky Cainey" },
    { "full_name": "Christy Leyborne" },
    { "full_name": "Beverley Kloisner" },
    { "full_name": "Anny Dearlove" },
    { "full_name": "Elroy Greenhead" },
    { "full_name": "Salomon Cassells" },
    { "full_name": "Genni Rutherford" },
    { "full_name": "Jammie Kermode" },
    { "full_name": "Melessa De Lorenzo" },
    { "full_name": "Stern Bowden" },
    { "full_name": "Ronald Avramovich" },
    { "full_name": "Gabi Norfolk" },
    { "full_name": "Ransell Stenners" },
    { "full_name": "Dianemarie Knivett" },
    { "full_name": "Der Piola" },
    { "full_name": "Rosaleen Ebdin" },
    { "full_name": "Johannah Finkle" },
    { "full_name": "Danielle Guerri" },
    { "full_name": "Alla Hanbidge" },
    { "full_name": "Elston Ludewig" },
    { "full_name": "Francyne Iacovides" },
    { "full_name": "Siffre Philpot" },
    { "full_name": "Christopher Cockerell" },
    { "full_name": "Paige Stirman" },
    { "full_name": "Vivienne Nacey" },
    { "full_name": "Wald Whipple" },
    { "full_name": "Edmund Chester" },
    { "full_name": "Sonnnie Steeden" },
    { "full_name": "Rayshell Goodswen" },
    { "full_name": "Friedrich Challinor" },
    { "full_name": "Errol Alderton" },
    { "full_name": "Charlean Fines" },
    { "full_name": "Nathaniel Blunsden" },
    { "full_name": "Erika Buske" },
    { "full_name": "Alida Gregoriou" },
    { "full_name": "Flemming Bonds" },
    { "full_name": "Hew Reddihough" },
    { "full_name": "Miles McGillivray" },
    { "full_name": "Daryn Dungay" },
    { "full_name": "Bernardine Tomas" },
    { "full_name": "Tuckie Yakubovich" },
    { "full_name": "Kevon Want" },
    { "full_name": "Marlo Yardy" },
    { "full_name": "Ana Gillings" },
    { "full_name": "Beck Peachment" },
    { "full_name": "Yuri Do" },
    { "full_name": "Abigail Deeks" },
    { "full_name": "Tatum Raye" },
    { "full_name": "Starlene Champ" },
    { "full_name": "Jo ann Mundy" },
    { "full_name": "Robinson Flux" },
    { "full_name": "Giles Jefford" },
    { "full_name": "Jermayne Teenan" },
    { "full_name": "Rorie Doerr" },
    { "full_name": "Yancey Ingilson" },
    { "full_name": "Trumann Willerton" },
    { "full_name": "Jeanie Hartfleet" },
    { "full_name": "Zachariah Lytlle" },
    { "full_name": "Natassia Shimwall" },
    { "full_name": "Bronnie Jeal" },
    { "full_name": "Fulton Creigan" },
    { "full_name": "Edita Bulger" },
    { "full_name": "Britteny Mountney" },
    { "full_name": "Lynna Haughian" },
    { "full_name": "Hercule Fealty" },
    { "full_name": "Perkin Gregr" },
    { "full_name": "Bondon Ackenson" },
    { "full_name": "Burg Huskinson" },
    { "full_name": "Josh Vasnetsov" },
    { "full_name": "Audy Cassel" },
    { "full_name": "Eimile Domelow" },
    { "full_name": "Caterina Lappin" },
    { "full_name": "Roxane Flannigan" },
    { "full_name": "Jayne Le Monnier" },
    { "full_name": "Alyson Fishby" },
    { "full_name": "Fee Stourton" },
    { "full_name": "Ola Ibell" },
    { "full_name": "Horace Mildner" },
    { "full_name": "Pattie Gravett" },
    { "full_name": "Farley Orgill" },
    { "full_name": "Livvie De Blasi" },
    { "full_name": "Dusty Berget" },
    { "full_name": "Aubrey Wissby" },
    { "full_name": "Si Belham" },
    { "full_name": "Vincenty Dagnall" },
    { "full_name": "Eleni Rawood" },
    { "full_name": "Florrie Saines" },
    { "full_name": "Florry Esome" },
    { "full_name": "Kristen Kleinert" },
    { "full_name": "Rowland Mingaye" },
    { "full_name": "Johnny Risso" },
    { "full_name": "Oswell Presswell" },
    { "full_name": "Tadeas Fuzzey" },
    { "full_name": "Roch Harriskine" },
    { "full_name": "Andrej Souttar" },
    { "full_name": "Josepha Waren" },
    { "full_name": "Kippy Doolan" },
    { "full_name": "Jocelyn Pinkett" },
    { "full_name": "Marlin Stirland" },
    { "full_name": "Abba Franzewitch" },
    { "full_name": "Grayce Stallen" },
    { "full_name": "Patience Fayerbrother" },
    { "full_name": "Haydon Colerick" },
    { "full_name": "Hedvig Deering" },
    { "full_name": "Chrissie Oakhill" },
    { "full_name": "Ephrem Lehemann" },
    { "full_name": "Conrade Ipgrave" },
    { "full_name": "Eileen Plover" },
    { "full_name": "Caryl Hierro" },
    { "full_name": "Marilee Doggett" },
    { "full_name": "Hilliary Tivers" },
    { "full_name": "Ruth Yatman" },
    { "full_name": "Luciana De Simoni" },
    { "full_name": "Brandice Piner" },
    { "full_name": "Edd Mackieson" },
    { "full_name": "Enriqueta Wann" },
    { "full_name": "Jasmin Boardman" },
    { "full_name": "Teodoro Blackaller" },
    { "full_name": "Ailyn Glanz" },
    { "full_name": "Dody Labet" },
    { "full_name": "Nomi Ellingham" },
    { "full_name": "Elysee Lowing" },
    { "full_name": "Roxane Sapson" },
    { "full_name": "Isaiah Turban" },
    { "full_name": "Corbet Crofts" },
    { "full_name": "Ambrosi Yashanov" },
    { "full_name": "Porter Francescozzi" },
    { "full_name": "Jolie Shee" },
    { "full_name": "Sandye Lomb" },
    { "full_name": "Adan Lapree" },
    { "full_name": "Rosalinda Kelsell" },
    { "full_name": "Northrop Goble" },
    { "full_name": "Dita Matheson" },
    { "full_name": "Crichton Burridge" },
    { "full_name": "Rodie Gooder" },
    { "full_name": "Daria Villaret" },
    { "full_name": "Dyanne Elstob" },
    { "full_name": "Rolando Beer" },
    { "full_name": "Faustine Twaits" },
    { "full_name": "Britteny Tenwick" },
    { "full_name": "Everard Hammelberg" },
    { "full_name": "Tory Diggons" },
    { "full_name": "Rollins Musgrove" },
    { "full_name": "Garrick Symones" },
    { "full_name": "Michail Swale" },
    { "full_name": "Lief Tillett" },
    { "full_name": "Bobina Chapman" },
    { "full_name": "Gordie Willbraham" },
    { "full_name": "Allx Lasslett" },
    { "full_name": "Clive Littlemore" },
    { "full_name": "Trey Ferenczy" },
    { "full_name": "Clair Jendrys" },
    { "full_name": "Jacquelin Goodall" },
    { "full_name": "Yalonda Stare" },
    { "full_name": "Opaline Lushey" },
    { "full_name": "Flin Padillo" },
    { "full_name": "Axel De Zuani" },
    { "full_name": "Herrick Cumpton" },
    { "full_name": "Tiphanie Dominighi" },
    { "full_name": "Noak Lindman" },
    { "full_name": "Libbie Hofton" },
    { "full_name": "Cully Gedge" },
    { "full_name": "Chad Vasiltsov" },
    { "full_name": "Chris Kornilov" },
    { "full_name": "Kylila Bristowe" },
    { "full_name": "Noby Bartozzi" },
    { "full_name": "Renee Byres" },
    { "full_name": "Judye Toohey" },
    { "full_name": "Ash Dawton" },
    { "full_name": "Hamil Yakebowitch" },
    { "full_name": "Meris Androli" },
    { "full_name": "Mellie Louisot" },
    { "full_name": "Marijo Bello" },
    { "full_name": "Ashia Mahedy" },
    { "full_name": "Vikki Pardy" },
    { "full_name": "Guenevere Reide" },
    { "full_name": "Lodovico cornhill" },
    { "full_name": "Lewes Markussen" },
    { "full_name": "Demetria Hofer" },
    { "full_name": "Charita Derdes" },
    { "full_name": "Graham Keane" },
    { "full_name": "Sheelah Harron" },
    { "full_name": "Renelle Colwill" },
    { "full_name": "Rudd D'Souza" },
    { "full_name": "Bekki Bordis" },
    { "full_name": "Genvieve Hassekl" },
    { "full_name": "Sharla Grouvel" },
    { "full_name": "Kearney Brighouse" },
    { "full_name": "Thornton Treadaway" },
    { "full_name": "Doe Hubble" },
    { "full_name": "Christy Roderighi" },
    { "full_name": "Roselin Raft" },
    { "full_name": "Skipper Haines" },
    { "full_name": "Rosamond Ambrozik" },
    { "full_name": "Kary McComish" },
    { "full_name": "Mycah Walshaw" },
    { "full_name": "Courtenay Griggs" },
    { "full_name": "Kingsly Champain" },
    { "full_name": "Winthrop Kiddy" },
    { "full_name": "Henryetta Carine" },
    { "full_name": "Ermanno Prisley" },
    { "full_name": "Ninnette Dufore" },
    { "full_name": "Keane Dwyer" },
    { "full_name": "Melinda Ravenscroftt" },
    { "full_name": "Pearce Blaszczynski" },
    { "full_name": "William Hutfield" },
    { "full_name": "Linet Yashin" },
    { "full_name": "Ruttger Cunio" },
    { "full_name": "Asa Meriott" },
    { "full_name": "Gaile Jenny" },
    { "full_name": "Beniamino Heatley" },
    { "full_name": "Klarika Bellam" },
    { "full_name": "Antonin Grigor" },
    { "full_name": "Gerrie Matteau" },
    { "full_name": "Ines Stickins" },
    { "full_name": "Alverta Sivyer" },
    { "full_name": "Frieda Spedding" },
    { "full_name": "Hewett Beushaw" },
    { "full_name": "Carrol Farlane" },
    { "full_name": "Paige Pentercost" },
    { "full_name": "Lennie Rome" },
    { "full_name": "Janaya Starton" },
    { "full_name": "Adriano De Pero" },
    { "full_name": "Shelba Vinck" },
    { "full_name": "Dianemarie Bolderoe" },
    { "full_name": "Elysha Rout" },
    { "full_name": "Hertha Coda" },
    { "full_name": "Anya Godthaab" },
    { "full_name": "Wait Yeulet" },
    { "full_name": "Leopold Mallya" },
    { "full_name": "Marcus Roscamps" },
    { "full_name": "Dara Jelks" },
    { "full_name": "Bennett Cowdrey" },
    { "full_name": "Cosmo Finnis" },
    { "full_name": "Aurelia Lamplugh" },
    { "full_name": "Urbano Sibery" },
    { "full_name": "Bentley Portch" },
    { "full_name": "Alexandros Elsey" },
    { "full_name": "Mandy Pursey" },
    { "full_name": "Natassia Boxhall" },
    { "full_name": "Sada Millican" },
    { "full_name": "Dasha O'Towey" },
    { "full_name": "Erny Roston" },
    { "full_name": "Kelvin Zumbusch" },
    { "full_name": "Irma Daudray" },
    { "full_name": "Anabal Glabach" },
    { "full_name": "Halette Philcott" },
    { "full_name": "Raleigh Speake" },
    { "full_name": "Obadiah Reimer" },
    { "full_name": "Gilly Courson" },
    { "full_name": "Kev Jurn" },
    { "full_name": "Yolanda Flounders" },
    { "full_name": "Misty Deniso" },
    { "full_name": "Virginie Elcoux" },
    { "full_name": "Tori Clavering" },
    { "full_name": "Penrod Whistlecroft" },
    { "full_name": "Bessie O'Sculley" },
    { "full_name": "Jakie Penright" },
    { "full_name": "Neely Winterbotham" },
    { "full_name": "Bertina Castagne" },
    { "full_name": "Dulcia Girardini" },
    { "full_name": "Emmanuel Iggo" },
    { "full_name": "Hillard Knocker" },
    { "full_name": "Eyde Huyhton" },
    { "full_name": "Shepherd Lancett" },
    { "full_name": "Odo Chattaway" },
    { "full_name": "Ruthy Erricker" },
    { "full_name": "Terencio Candey" },
    { "full_name": "Valenka O'Cullinane" },
    { "full_name": "Lynett Baunton" },
    { "full_name": "Tarra Ruusa" },
    { "full_name": "Leonie London" },
    { "full_name": "Jaymee Orrocks" },
    { "full_name": "Alain Rubinivitz" },
    { "full_name": "Jenda Urlich" },
    { "full_name": "Meryl Quinevan" },
    { "full_name": "Joe McGreary" },
    { "full_name": "Galvin Pygott" },
    { "full_name": "Zorine Berkeley" },
    { "full_name": "Damaris Lougheed" },
    { "full_name": "Katrine Dykes" },
    { "full_name": "Gordie Deroche" },
    { "full_name": "Hayward Ternent" },
    { "full_name": "Zelig Skelhorn" },
    { "full_name": "Chancey Corona" },
    { "full_name": "Iorgos MacRannell" },
    { "full_name": "Berne Colbertson" },
    { "full_name": "Bradly Guislin" },
    { "full_name": "Jamil Larrett" },
    { "full_name": "Jeanelle Ewell" },
    { "full_name": "Mareah Woolens" },
    { "full_name": "Gorden Loweth" },
    { "full_name": "Pru Spens" },
    { "full_name": "Marc Tunny" },
    { "full_name": "Hannis Hordle" },
    { "full_name": "Tracey Tooley" },
    { "full_name": "Elissa Durante" },
    { "full_name": "Denney Dorset" },
    { "full_name": "Rowen Milksop" },
    { "full_name": "Arturo Keay" },
    { "full_name": "Jeremias Rowston" },
    { "full_name": "Hilary O'Heaney" },
    { "full_name": "Nap Malling" },
    { "full_name": "Freeland Hebditch" },
    { "full_name": "Dickie Khotler" },
    { "full_name": "Noell Sansbury" },
    { "full_name": "Reagen McSkeagan" },
    { "full_name": "Curt Oty" },
    { "full_name": "Geralda Choake" },
    { "full_name": "Kayley Lettuce" },
    { "full_name": "Fern Folliss" },
    { "full_name": "Delila Moulsdall" },
    { "full_name": "Hammad Ilbert" },
    { "full_name": "Tasha Francom" },
    { "full_name": "Chaddie Dade" },
    { "full_name": "Dewie Libbe" },
    { "full_name": "Konstanze Haggerty" },
    { "full_name": "Bernita Conerding" },
    { "full_name": "Sheffie Heino" },
    { "full_name": "Pearce Arbuckel" },
    { "full_name": "Wallace Jeremiah" },
    { "full_name": "Marleah McMeyler" },
    { "full_name": "Haydon Hunday" },
    { "full_name": "Tiebold Cosbey" },
    { "full_name": "Rollie Guymer" },
    { "full_name": "Hillary Schnieder" },
    { "full_name": "Angel Perotti" },
    { "full_name": "Franciskus Hewell" },
    { "full_name": "Frasier Colliard" },
    { "full_name": "Brendin Seary" },
    { "full_name": "Ula McKinna" },
    { "full_name": "Caspar Rex" },
    { "full_name": "Darlleen Bride" },
    { "full_name": "Hussein Reading" },
    { "full_name": "Avie Clac" },
    { "full_name": "Thadeus Dyster" },
    { "full_name": "Gustie Cuchey" },
    { "full_name": "Thomasa Garbar" },
    { "full_name": "Melina Dumberrill" },
    { "full_name": "Kenna Eringey" },
    { "full_name": "Janeta Largan" },
    { "full_name": "Letty Jerosch" },
    { "full_name": "Leigha Blackall" },
    { "full_name": "Nickolaus Guntrip" },
    { "full_name": "Marris Matiashvili" },
    { "full_name": "Sophey Spickett" },
    { "full_name": "Elysia Grazier" },
    { "full_name": "Kelcey Gabriel" },
    { "full_name": "Whittaker Stirley" },
    { "full_name": "Granger Paramor" },
    { "full_name": "Welsh Tebbe" },
    { "full_name": "Britney Hackworthy" },
    { "full_name": "Aveline Melville" },
    { "full_name": "Gaspard Spencock" },
    { "full_name": "Dennis Bremner" },
    { "full_name": "Letizia Garnsworthy" },
    { "full_name": "Rachael Ablott" },
    { "full_name": "Flora Merrigan" },
    { "full_name": "Sully Buckleigh" },
    { "full_name": "Jordan Blunt" },
    { "full_name": "Dael Satterly" },
    { "full_name": "Venus Mayston" },
    { "full_name": "Page Goodee" },
    { "full_name": "Yale O'Sheerin" },
    { "full_name": "Manon Caldecutt" },
    { "full_name": "Denise Trewartha" },
    { "full_name": "Fremont Gotthard.sf" }
  ]